period,"Monthly – Colombia – Commodity Net Export Price Index, Individual Commodities Weighted by Ratio of Net Exports to Total Commodity Trade – Recent, monthly, rolling weights (IMF/PCTOT/M.CO.xm.R_RW_IX)"
1980-01,110.038040161133
1980-02,108.067390441895
1980-03,112.849182128906
1980-04,109.661834716797
1980-05,113.873344421387
1980-06,109.473304748535
1980-07,98.638053894043
1980-08,90.7328643798828
1980-09,86.7222137451172
1980-10,86.3084869384766
1980-11,81.2761917114258
1980-12,82.6822738647461
1981-01,84.6181030273438
1981-02,82.4265975952148
1981-03,82.054313659668
1981-04,81.7350616455078
1981-05,80.3697738647461
1981-06,71.2261581420898
1981-07,73.4238357543945
1981-08,74.2952880859375
1981-09,74.5351867675781
1981-10,79.0746994018555
1981-11,82.4145126342773
1981-12,82.0135116577148
1982-01,83.1144332885742
1982-02,88.3116836547852
1982-03,87.142204284668
1982-04,84.6428527832031
1982-05,82.0294036865234
1982-06,82.7055206298828
1982-07,80.6727142333984
1982-08,81.9663848876953
1982-09,84.4674530029297
1982-10,86.3548355102539
1982-11,87.816291809082
1982-12,89.1836395263672
1983-01,87.2640075683594
1983-02,87.2439041137695
1983-03,86.967887878418
1983-04,86.5683364868164
1983-05,88.8997344970703
1983-06,88.3540115356445
1983-07,88.0226287841797
1983-08,86.8441619873047
1983-09,86.6916809082031
1983-10,90.1986618041992
1983-11,90.2557067871094
1983-12,91.122200012207
1984-01,90.2775421142578
1984-02,91.7987060546875
1984-03,91.8225860595703
1984-04,91.6048889160156
1984-05,93.213493347168
1984-06,93.3503799438477
1984-07,91.9725952148438
1984-08,92.1188201904297
1984-09,92.4898910522461
1984-10,90.3946533203125
1984-11,90.5596466064453
1984-12,90.0090103149414
1985-01,91.5200805664063
1985-02,91.2605972290039
1985-03,91.0349426269531
1985-04,90.600212097168
1985-05,90.3333969116211
1985-06,89.5847778320313
1985-07,85.5935974121094
1985-08,87.3054428100586
1985-09,86.5437164306641
1985-10,87.7239532470703
1985-11,92.3930587768555
1985-12,101.976257324219
1986-01,110.079978942871
1986-02,109.311256408691
1986-03,113.235633850098
1986-04,110.547050476074
1986-05,103.564743041992
1986-06,96.040657043457
1986-07,95.6610870361328
1986-08,96.6520156860352
1986-09,105.737884521484
1986-10,99.7467041015625
1986-11,96.0655136108398
1986-12,88.8970565795898
1987-01,85.0631408691406
1987-02,83.5864791870117
1987-03,77.0208969116211
1987-04,76.5908279418945
1987-05,79.6082992553711
1987-06,74.8585586547852
1987-07,72.7762756347656
1987-08,72.2048645019531
1987-09,74.2277603149414
1987-10,74.8583908081055
1987-11,77.2227935791016
1987-12,75.9175338745117
1988-01,75.5905380249023
1988-02,76.4191360473633
1988-03,74.3391036987305
1988-04,73.6206588745117
1988-05,73.1243591308594
1988-06,72.5649719238281
1988-07,68.9838638305664
1988-08,66.0508346557617
1988-09,68.7054138183594
1988-10,67.8785629272461
1988-11,67.9497146606445
1988-12,72.9755935668945
1989-01,74.2438888549805
1989-02,72.3330917358398
1989-03,74.9921722412109
1989-04,75.8314971923828
1989-05,74.1802749633789
1989-06,70.0373077392578
1989-07,60.1594657897949
1989-08,57.084529876709
1989-09,58.0536842346191
1989-10,55.0940361022949
1989-11,55.2260131835938
1989-12,55.6155624389648
1990-01,56.8211822509766
1990-02,57.7658348083496
1990-03,58.6147079467773
1990-04,57.4063034057617
1990-05,56.4379119873047
1990-06,54.4682273864746
1990-07,56.0267143249512
1990-08,63.1488037109375
1990-09,66.7587738037109
1990-10,67.1601791381836
1990-11,63.9732856750488
1990-12,62.305778503418
1991-01,59.7585945129395
1991-02,56.8241958618164
1991-03,57.5595970153809
1991-04,57.3031387329102
1991-05,55.451343536377
1991-06,54.496753692627
1991-07,53.4507064819336
1991-08,53.9406776428223
1991-09,54.3178634643555
1991-10,54.8403968811035
1991-11,54.7469596862793
1991-12,52.1040344238281
1992-01,52.2604484558105
1992-02,51.1671562194824
1992-03,50.9658470153809
1992-04,50.3538513183594
1992-05,49.7787704467773
1992-06,50.2089691162109
1992-07,50.4861030578613
1992-08,50.8345909118652
1992-09,50.6936340332031
1992-10,49.3390922546387
1992-11,49.0282402038574
1992-12,50.7652549743652
1993-01,51.6293830871582
1993-02,51.601634979248
1993-03,52.2623252868652
1993-04,50.9650955200195
1993-05,50.7359733581543
1993-06,49.8385047912598
1993-07,49.3495750427246
1993-08,50.7553176879883
1993-09,51.7644195556641
1993-10,51.2910232543945
1993-11,51.0123100280762
1993-12,50.0625076293945
1994-01,50.9849510192871
1994-02,52.0145683288574
1994-03,51.4005470275879
1994-04,53.4796600341797
1994-05,56.9274139404297
1994-06,58.0522499084473
1994-07,67.1719360351563
1994-08,66.3464202880859
1994-09,67.6097106933594
1994-10,65.2570648193359
1994-11,63.5188598632813
1994-12,63.194450378418
1995-01,61.9692306518555
1995-02,64.9135360717773
1995-03,64.291389465332
1995-04,64.1875228881836
1995-05,64.1861190795898
1995-06,61.5915565490723
1995-07,60.1783332824707
1995-08,61.7845001220703
1995-09,59.8294296264648
1995-10,57.4092788696289
1995-11,57.1425170898438
1995-12,54.7467918395996
1996-01,54.4035797119141
1996-02,57.2322540283203
1996-03,56.6049156188965
1996-04,58.0008087158203
1996-05,56.4922752380371
1996-06,55.7361488342285
1996-07,55.1758079528809
1996-08,55.813419342041
1996-09,56.3987503051758
1996-10,57.0620536804199
1996-11,56.5529937744141
1996-12,56.4222679138184
1997-01,58.381233215332
1997-02,60.0371170043945
1997-03,60.7716522216797
1997-04,59.5831298828125
1997-05,62.9311485290527
1997-06,61.0688095092773
1997-07,59.6286659240723
1997-08,59.3920288085938
1997-09,59.9994430541992
1997-10,59.5467147827148
1997-11,58.7859039306641
1997-12,58.7613487243652
1998-01,57.346378326416
1998-02,56.6116371154785
1998-03,54.6985473632813
1998-04,57.2068328857422
1998-05,56.7610626220703
1998-06,54.3398780822754
1998-07,52.5300712585449
1998-08,51.9439315795898
1998-09,52.9592552185059
1998-10,51.9186935424805
1998-11,52.1659545898438
1998-12,49.9670181274414
1999-01,51.604808807373
1999-02,49.9732475280762
1999-03,52.1026344299316
1999-04,53.7015419006348
1999-05,53.6862602233887
1999-06,53.1627044677734
1999-07,54.5729103088379
1999-08,55.4185371398926
1999-09,56.4700584411621
1999-10,56.1131629943848
1999-11,59.0101165771484
1999-12,60.5560836791992
2000-01,59.3282318115234
2000-02,59.8026428222656
2000-03,58.0821342468262
2000-04,55.7097969055176
2000-05,57.5003700256348
2000-06,59.0672454833984
2000-07,57.7023696899414
2000-08,58.1159210205078
2000-09,59.8699378967285
2000-10,58.7976112365723
2000-11,58.035099029541
2000-12,53.9198303222656
2001-01,55.8881683349609
2001-02,58.1123580932617
2001-03,55.8230895996094
2001-04,56.1791229248047
2001-05,58.7608108520508
2001-06,57.8779602050781
2001-07,55.7443733215332
2001-08,56.2638244628906
2001-09,54.8853797912598
2001-10,50.2820129394531
2001-11,47.9474792480469
2001-12,47.5908813476563
2002-01,48.0880737304688
2002-02,49.6673469543457
2002-03,54.6220359802246
2002-04,56.1143798828125
2002-05,56.3627052307129
2002-06,54.4045639038086
2002-07,54.1675338745117
2002-08,53.5230712890625
2002-09,56.3444519042969
2002-10,57.0056571960449
2002-11,54.210578918457
2002-12,58.1402893066406
2003-01,60.9483375549316
2003-02,62.2279167175293
2003-03,59.2564125061035
2003-04,54.2617149353027
2003-05,53.6301536560059
2003-06,54.8991432189941
2003-07,55.6879463195801
2003-08,56.3988151550293
2003-09,54.599681854248
2003-10,55.8433952331543
2003-11,56.5458831787109
2003-12,57.7682800292969
2004-01,60.1124305725098
2004-02,60.8580131530762
2004-03,63.421443939209
2004-04,64.0368804931641
2004-05,67.3434906005859
2004-06,67.6798782348633
2004-07,69.5365676879883
2004-08,71.7161026000977
2004-09,71.2966461181641
2004-10,74.6520080566406
2004-11,71.4800567626953
2004-12,70.1269683837891
2005-01,73.0492248535156
2005-02,75.3062210083008
2005-03,79.4325332641602
2005-04,78.0877838134766
2005-05,76.8426818847656
2005-06,78.9205093383789
2005-07,78.3466415405273
2005-08,79.9772262573242
2005-09,80.3658599853516
2005-10,77.0972061157227
2005-11,74.8763046264648
2005-12,76.8389663696289
2006-01,82.3202743530273
2006-02,83.4417114257813
2006-03,84.2682342529297
2006-04,87.5744705200195
2006-05,88.7206726074219
2006-06,86.2143478393555
2006-07,88.3392944335938
2006-08,88.3944702148438
2006-09,82.7441940307617
2006-10,78.6568603515625
2006-11,79.6239776611328
2006-12,82.9783630371094
2007-01,79.435302734375
2007-02,81.2281646728516
2007-03,82.48291015625
2007-04,84.8729705810547
2007-05,84.8443222045898
2007-06,87.7237396240234
2007-07,91.8256072998047
2007-08,90.1739273071289
2007-09,92.1556243896484
2007-10,95.3907089233398
2007-11,101.345832824707
2007-12,101.173324584961
2008-01,101.504341125488
2008-02,110.11595916748
2008-03,112.422142028809
2008-04,112.302055358887
2008-05,118.361450195313
2008-06,123.196838378906
2008-07,127.279258728027
2008-08,119.239105224609
2008-09,112.892974853516
2008-10,96.05126953125
2008-11,85.4891815185547
2008-12,75.2931518554688
2009-01,77.0352401733398
2009-02,76.4023666381836
2009-03,76.651123046875
2009-04,78.342643737793
2009-05,82.6549072265625
2009-06,89.146110534668
2009-07,88.3886871337891
2009-08,92.2409896850586
2009-09,90.7642288208008
2009-10,93.4649658203125
2009-11,95.9171295166016
2009-12,95.8381271362305
2010-01,99.4430770874023
2010-02,98.1430587768555
2010-03,100.891914367676
2010-04,103.916534423828
2010-05,100.71410369873
2010-06,101.085922241211
2010-07,100.515182495117
2010-08,99.1164474487305
2010-09,99.3253326416016
2010-10,101.842514038086
2010-11,104.638717651367
2010-12,108.774444580078
2011-01,112.524101257324
2011-02,113.679679870605
2011-03,118.771072387695
2011-04,120.761505126953
2011-05,117.001495361328
2011-06,115.756225585938
2011-07,116.906234741211
2011-08,113.86555480957
2011-09,114.319725036621
2011-10,113.140380859375
2011-11,114.490982055664
2011-12,112.80020904541
2012-01,114.27774810791
2012-02,117.237548828125
2012-03,116.797477722168
2012-04,113.801696777344
2012-05,108.16609954834
2012-06,100.0
2012-07,101.849830627441
2012-08,105.56615447998
2012-09,106.301803588867
2012-10,103.941429138184
2012-11,102.810638427734
2012-12,104.568778991699
2013-01,106.82177734375
2013-02,108.623481750488
2013-03,106.321266174316
2013-04,103.736465454102
2013-05,103.500610351563
2013-06,102.613021850586
2013-07,103.977226257324
2013-08,106.091842651367
2013-09,106.843078613281
2013-10,105.785911560059
2013-11,104.727294921875
2013-12,106.385955810547
2014-01,104.83088684082
2014-02,106.013893127441
2014-03,105.618553161621
2014-04,105.520957946777
2014-05,105.713005065918
2014-06,106.60489654541
2014-07,105.326026916504
2014-08,103.369483947754
2014-09,100.986892700195
2014-10,96.1715469360352
2014-11,90.6268692016602
2014-12,81.3088760375977
2015-01,73.5212631225586
2015-02,79.0234527587891
2015-03,77.198112487793
2015-04,79.1914443969727
2015-05,82.662353515625
2015-06,81.7318954467773
2015-07,77.8631134033203
2015-08,72.8511352539063
2015-09,72.9136810302734
2015-10,73.1085968017578
2015-11,70.3453521728516
2015-12,65.8360061645508
2016-01,61.2042083740234
2016-02,62.3199234008789
2016-03,67.4538955688477
2016-04,69.5685882568359
2016-05,72.6869430541992
2016-06,74.3317337036133
2016-07,74.0924987792969
2016-08,75.8985977172852
2016-09,77.0418167114258
2016-10,82.1544952392578
2016-11,80.5990295410156
2016-12,82.9636459350586
2017-01,83.3674163818359
2017-02,83.0435562133789
2017-03,80.9402542114258
2017-04,82.3124542236328
2017-05,79.2488861083984
2017-06,77.5346221923828
2017-07,78.8721618652344
2017-08,81.8380966186523
2017-09,83.7918701171875
2017-10,84.5234680175781
2017-11,87.0920639038086
2017-12,87.6742858886719
2018-01,90.8152694702148
2018-02,89.1445541381836
2018-03,88.6122894287109
2018-04,89.8822784423828
2018-05,92.9419784545898
2018-06,93.6536178588867
2018-07,94.2334747314453
2018-08,92.9631118774414
2018-09,94.7096862792969
2018-10,95.0131301879883
2018-11,87.2178115844727
2018-12,82.1550445556641
2019-01,83.5673980712891
2019-02,85.5701599121094
2019-03,86.5461730957031
2019-04,87.5411834716797
2019-05,86.4015655517578
2019-06,81.3766479492188
2019-07,82.8033676147461
2019-08,80.14794921875
2019-09,81.3856582641602
2019-10,80.2890396118164
2019-11,82.3131256103516
2019-12,84.2168579101563
2020-01,83.4935760498047
2020-02,79.2916412353516
2020-03,65.8154907226563
2020-04,58.0363731384277
2020-05,63.472225189209
2020-06,69.6154098510742
2020-07,70.906608581543
2020-08,72.4098281860352
2020-09,70.2852020263672
2020-10,70.3594589233398
2020-11,72.3949127197266
2020-12,78.3409729003906
2021-01,81.8961944580078
2021-02,85.3078231811523
2021-03,86.6625823974609
2021-04,86.0670700073242
2021-05,88.0931930541992
2021-06,93.6184158325195
2021-07,95.9964218139648
2021-08,95.3417663574219
2021-09,98.5583801269531
2021-10,105.797416687012
2021-11,100.29175567627
2021-12,96.7565536499023
2022-01,103.866310119629
2022-02,108.826194763184
2022-03,118.369781494141
2022-04,114.712448120117
2022-05,119.795532226563
2022-06,122.143898010254
2022-07,117.394233703613
2022-08,115.625015258789
2022-09,112.439895629883
2022-10,111.194313049316
2022-11,107.089385986328
2022-12,105.33757019043
2023-01,106.073440551758
2023-02,100.136253356934
2023-03,96.2526168823242
2023-04,99.6659088134766
2023-05,94.9498672485352
2023-06,91.8198471069336
2023-07,94.3590393066406
2023-08,98.1488037109375
2023-09,102.830528259277
2023-10,99.9473724365234
2023-11,95.7617874145508
2023-12,95.1926879882813
2024-01,95.5398941040039
2024-02,96.0431747436523
2024-03,98.9036865234375
2024-04,101.492736816406
2024-05,98.9746932983398
2024-06,98.7572021484375
2024-07,99.7404861450195
2024-08,98.5673446655273
2024-09,95.6497573852539
2024-10,96.8207092285156
2024-11,95.5833892822266
2024-12,94.9933395385742
2025-01,96.7160034179688
2025-02,94.6035690307617
2025-03,92.140869140625
