fecha,exp_inf_12m,exp_tcn_12m,tcn,ipc,tot,embi
2003-10-01,5.9211859631846036,803.4037856380593,796.4223519045928,396.73716414550944,402.2551259491697,446.59090909090907
2003-11-01,5.638033343610769,802.2896869601457,795.3190146468861,397.28218325564086,403.50524002429785,469.1666666666667
2003-12-01,5.543470688810053,800.6367567650246,793.9428656769846,397.89832407412035,405.64398366183826,439.09090909090907
2004-01-01,5.661660041889594,799.967857949945,791.9295461543915,398.3743573551739,409.6216651643826,387.2
2004-02-01,5.590763193829608,798.6164860332727,790.6341143477853,399.00190337193214,410.85434977492065,433.4736842105263
2004-03-01,5.448818528406978,798.3951528365915,788.9927201637994,399.71275206171805,414.9802036735107,402.30434782608694
2004-04-01,5.543470688810053,796.9011781106478,787.8380775281075,400.0239982244207,415.9459175092648,379.85714285714283
2004-05-01,5.306672093669222,797.9338895262327,790.8176659195276,400.4439695561764,420.9806247860053,529.25
2004-06-01,5.325636630043147,797.2466015974566,790.6958120123935,401.2043392764664,421.4788916166078,486.5
2004-07-01,5.638033343610769,796.9011781106478,788.2834640146207,401.42444178758853,424.1852767984382,454.2857142857143
2004-08-01,5.354076692802976,795.2843717245798,786.2456973172915,401.7091501673076,427.2715305376612,423.6363636363636
2004-09-01,5.354076692802976,792.1150942765466,784.471138446059,402.17241338010916,426.68492872979493,398.14285714285717
2004-10-01,5.354076692802976,793.3796874815412,785.565203649361,402.4645270258957,431.2837423243513,400.55
2004-11-01,5.188062187698888,790.2487437162855,783.5421999408558,402.9362695220524,426.94184843968895,360.9
2004-12-01,5.18331486400172,786.3266724009574,778.7948444689184,403.2524708560951,425.0307433092967,346.6363636363636
2005-01-01,4.974209189481401,784.7590647701408,776.7316916610202,403.66505649155516,429.1133526963347,358.85
2005-02-01,4.879016416943205,783.9328634387449,775.8617156647728,404.1101510993929,432.15627477054034,357.94736842105266
2005-03-01,4.936142953772409,784.2475146324659,776.3748935390695,404.6199217247776,437.49080231763804,371
2005-04-01,4.945660871259249,785.5544677915664,776.2141786606843,404.92928821597707,435.7833627370171,409.85714285714283
2005-05-01,4.936142953772409,784.8933726364071,775.7369402128824,405.3654538955327,434.1760239487614,375.76190476190476
2005-06-01,4.77419959854211,784.6980982138789,775.4390062439558,405.9062242155894,436.8441134990392,339.3636363636364
2005-07-01,4.640637281415583,782.4046010856292,775.0457165471411,406.20913312952825,436.11431030527683,322.2
2005-08-01,4.640637281415583,780.3843303538772,774.330480532166,406.45687853127725,438.17419223637313,304.4782608695652
2005-09-01,4.60721881023831,780.0777383916937,773.8261724838336,407.0604155112675,438.6589458957461,261.23809523809524
2005-10-01,4.49733656427312,778.3224016336037,773.718191488631,407.60801523170437,434.5067042762543,277.65
2005-11-01,4.745594115629533,777.2752716468742,773.1902943784899,407.895731943307,431.5837480343446,253.45
2005-12-01,4.545126290391735,776.3977484390173,773.1451492683685,407.97614939739685,434.17118860871955,240.1904761904762
2006-01-01,4.420825466432028,776.2170607138205,772.8638515205823,408.1139516412958,441.06174242829627,212.7
2006-02-01,4.296369943211572,775.5801430758065,772.1510273682235,408.2142452190152,442.4148321337653,174.10526315789474
2006-03-01,4.2580447535118475,776.2170607138205,772.4163594289971,408.66460063930737,443.4004976116649,167.56521739130434
2006-04-01,4.210117601863533,778.3224016336037,775.637917708582,408.95797570351465,447.24895230477966,173
2006-05-01,4.229291219025137,778.3224016336037,779.1581495115214,409.32887419988305,448.5492924251223,187.77272727272728
2006-06-01,4.080599439225373,782.5045511189376,784.0801844524304,409.7883322181352,445.6836612071058,231.3181818181818
2006-07-01,4.1141943331175215,783.5579246669965,782.7240237212452,410.44710963802163,448.11850191950515,228.05
2006-08-01,4.190940307720957,780.9947086476791,777.890059650927,411.0714930554221,448.180941355628,196.47826086956522
2006-09-01,4.277209184386906,781.0664881538602,778.2666519693817,411.5423626056754,441.5753849025399,206.45
2006-10-01,4.329892439514757,781.9355025368169,776.687375171926,411.7022653482419,436.5094852039293,180.71428571428572
2006-11-01,4.219704869978828,778.1092579771457,773.6671314285579,412.11722787109613,437.7315274389277,189.42857142857142
2006-12-01,4.1141943331175215,777.0645234129177,772.3710742204456,412.3562733026931,441.85798875121316,181.75
2007-01-01,3.994160709294783,775.1690348664151,771.3245226660606,412.7122965804581,437.4942888260274,165
2007-02-01,4.008572353928558,775.5767170102998,770.8833851873185,413.32848149556185,439.7262042604133,163.26315789473685
2007-03-01,4.090199132042574,774.5002803515839,769.6613178954418,414.2885241121776,441.2591122260977,171.0909090909091
2007-04-01,4.305948946044701,771.6460800176355,766.9522224396374,415.03096329529916,444.1155674913228,142.3
2007-05-01,4.401688541677426,770.5262474866325,760.6677253277809,415.38230973305747,444.08180737617266,130.54545454545453
2007-06-01,4.401688541677426,764.9692623711514,756.299392510563,415.63688080281327,447.41925540138124,108.38095238095238
2007-07-01,4.2580447535118475,767.3223121121708,757.5523396120464,416.0507667192691,451.9891205349036,136.04761904761904
2007-08-01,4.162167469081945,768.2597647271917,762.9625961561201,416.1560403979695,450.1740331039657,186.43478260869566
2007-09-01,4.162167469081945,771.8685495198466,765.452071161972,416.42696782186084,452.34787174095123,179.73684210526315
2007-10-01,4.478214277189325,768.7080155783135,760.2118719597863,416.7315880990542,455.79811829707813,160.6818181818182
2007-11-01,4.210117601863533,764.9692623711514,762.3791135361782,417.3996646722213,461.85387553749155,196.2
2007-12-01,4.382547954002951,767.368812926773,760.7978117926308,417.8863281590796,461.68351310494387,188.15
2008-01-01,4.478214277189325,765.254569269392,759.0574573213289,418.535601456761,462.01015672764856,240.76190476190476
2008-02-01,4.688358589885046,764.9692623711514,755.1275670499639,419.47873723750286,470.1533984790747,249.4
2008-03-01,4.569012591711572,760.339933974067,752.1265641706342,420.04835502489675,472.2260911197861,263.05
2008-04-01,4.592893188839973,759.179612242598,749.3387351689355,420.61163539553365,472.1192163971274,215.77272727272728
2008-05-01,4.640637281415583,756.13817013798,748.2294020834305,421.5789823140181,477.3743079867502,179.0952380952381
2008-06-01,5.021771616061751,753.5611655510678,745.1066231000034,422.58646049090487,481.3783388261252,180.61904761904762
2008-07-01,5.012260940321073,754.4332108053688,748.3289141625686,423.30409723336624,484.63835600655807,217.27272727272728
2008-08-01,5.031281387358918,755.9106032082888,752.2231747751613,423.73488185584415,478.1130764794874,221.95238095238096
2008-09-01,5.354076692802976,763.1189152146954,763.9843566301447,423.7234258928609,472.64402447157477,272.7142857142857
2008-10-01,5.259245011917063,769.6212639346408,773.5942401234072,424.37112153583473,456.48821065270084,533
2008-11-01,5.164323315183839,776.503883027626,775.431959307911,424.83221565477163,444.83898359901434,551.1111111111111
2008-12-01,5.278218543896948,780.057265467065,771.8441687702056,425.2807647375303,432.1389185855626,538.0454545454545
2009-01-01,4.974209189481401,778.3224016336037,772.4716860535091,425.4546265448395,434.42629817460175,502.3
2009-02-01,4.783732941416006,780.3843303538772,783.2453098369101,425.73794763463286,433.60136726322753,477.7894736842105
2009-03-01,4.669272799198235,784.3848638152472,781.3299473114528,426.0013774559021,433.92642568331246,483.40909090909093
2009-04-01,4.401688541677426,782.4046010856292,777.4588714203463,426.1919980727441,436.1092074640352,417.23809523809524
2009-05-01,4.44952398865513,777.3804794419545,770.7729025023509,426.24594864000835,441.46741960866154,323.25
2009-06-01,4.353830201448341,771.8685495198466,764.3593107042336,426.3370654326094,449.02767150306306,297.54545454545456
2009-07-01,4.49733656427312,772.7535110475447,762.6903528368694,426.5306880837893,448.17439878546065,297.27272727272725
2009-08-01,4.478214277189325,769.6212639346408,761.0340413191029,426.81153711856376,452.44046053596463,261.14285714285717
2009-09-01,4.301159559324745,767.3223121121708,759.0326011289746,426.8861491519285,450.8265252268254,249.42857142857142
2009-10-01,4.2580447535118475,760.0902459542082,755.4286248804399,427.0571331545813,453.75866689691816,220.38095238095238
2009-11-01,3.922071315328133,760.0902459542082,758.7070043763656,427.17558151137086,456.34845844645673,214.73684210526315
2009-12-01,3.729578474369693,761.0852790395251,760.9391326937988,427.2594305523386,456.26605926093237,208.13636363636363
2010-01-01,3.763291480685086,761.7021841421965,758.8497501889307,427.5306002958661,459.95853908850216,210.6315789473684
2010-02-01,3.777736433402992,760.5890001053122,757.6150753100441,427.8004777705841,458.6426197659814,235.42105263157896
2010-03-01,3.6572980230840235,761.0852790395251,755.3807108365405,427.8285746412263,461.40497890412996,189
2010-04-01,3.5367143837291346,758.1413782958219,757.0626482692296,428.15398476303716,464.358802330577,172.76190476190476
2010-05-01,3.246719013750141,760.0902459542082,759.3051471026929,428.30481371414334,461.22858465086694,230.55
2010-06-01,3.275756423817229,759.0852123688582,756.1897617823728,428.56369828793805,461.5970870447643,223.04545454545453
2010-07-01,3.343477608623742,754.9609165154532,753.5299244835284,428.7555577272588,461.03087856924213,197.66666666666666
2010-08-01,3.3192967355763963,755.3810852008231,750.5424615682925,429.10088722529184,459.6295395765859,165.77272727272728
2010-09-01,3.203147083066376,752.8331766707247,749.859178573944,429.1313114257894,459.8400650716969,175.95238095238096
2010-10-01,3.140176313953164,751.2071245835466,750.1481768148519,429.3433208515465,462.342764010005,157.5
2010-11-01,3.174088578406246,752.2400231387124,753.0689516339145,429.7254347890504,465.05136327730077,151.73684210526315
2010-12-01,3.1498667059371015,752.294091807237,756.3127664182025,430.36335500801357,468.92764224579037,160.54545454545453
2011-01-01,3.3386419017633386,752.294091807237,753.0310393357989,430.85452075874827,472.31674320982125,145.95
2011-02-01,3.411152962876782,751.7520850603031,754.051167551504,430.9139853245385,473.338466772757,151
2011-03-01,3.415985164670479,752.0234556474628,754.1352444787692,430.9693163338885,477.71978788579156,155.1304347826087
2011-04-01,3.4401426717332315,750.4942068396172,750.1380422306022,430.9638780446618,479.3817568548254,151.6
2011-05-01,3.1498667059371015,748.99708988348,749.6948454284596,431.28569406539003,476.2186715582133,147.28571428571428
2011-06-01,3.343477608623742,749.2760300922379,748.5793189935321,431.75626197233674,475.14864762797185,144.63636363636363
2011-07-01,3.3918218203460646,749.2955267987489,747.4517186758218,432.13254475905296,476.1372201026826,141.8
2011-08-01,3.343477608623742,748.99708988348,748.7386823427532,432.32574392235443,473.5018408645675,170.82608695652175
2011-09-01,3.2418786255500742,748.4368643286131,751.6810194420025,432.7915855433659,473.89991284107157,216.23809523809524
2011-10-01,3.21767316952212,749.9423290592229,755.4470735748698,433.28106716862936,472.8629356175695,206
2011-11-01,3.2349633788113,749.886973397693,755.8864448195184,433.60505423110754,474.04960605534353,195.47368421052633
2011-12-01,3.21767316952212,752.294091807237,756.77253867475,434.0203393425737,472.5618192301692,187.57142857142858
2012-01-01,3.200379970202577,751.7520850603031,751.8960333374072,434.33482029390547,473.86318721273864,196.65
2012-02-01,3.1830837798183276,749.0529402060712,748.6470365703726,434.40211459653096,476.4202208323935,175.95
2012-03-01,3.411152962876782,748.4368643286131,747.7328084131299,434.3120275586701,476.04414753165025,149.0909090909091
2012-04-01,3.343477608623742,748.4368643286131,748.1058238602045,434.3300199517865,473.4457431751058,147.4
2012-05-01,3.415985164670479,747.8734825567875,749.0481103853613,434.6820220988781,468.3668004457729,173.4090909090909
2012-06-01,3.401487858727762,747.4488534686424,749.1216770459035,434.91384602042604,460.51701859880916,172.76190476190476
2012-07-01,3.266078223954828,748.5772152288451,748.7252744932908,435.1160099518677,462.3499479710617,150.61904761904762
2012-08-01,3.246719013750141,749.2386972190955,749.905850485236,435.38467619307903,465.93378130805024,128.7826086956522
2012-09-01,3.246719013750141,749.5541943884257,749.6623580926168,435.83594043414183,466.6282252173551,125.94736842105263
2012-10-01,3.1595561589750583,749.2760300922379,749.8688931365127,436.27945213472515,464.3827559131566,110.47619047619048
2012-11-01,3.1644005334461407,749.5541943884257,750.6880922764774,436.3455928008544,463.28888343178,122.63157894736842
2012-12-01,3.0529205034822793,750.5217209407674,749.2169039810999,436.4293007138265,464.98450270739227,116.4
2013-01-01,2.8247262938102673,748.4368643286131,747.8862382106591,436.30491382212904,467.1161813452757,112.71428571428571
2013-02-01,2.9073247485707165,748.4368643286131,749.0972749064563,436.2087237060537,468.78876065073297,131.47368421052633
2013-03-01,2.989855034586335,749.5541943884257,750.1671075539579,436.2090640363609,466.6465323422828,141.55
2013-04-01,2.9704422706330913,749.5541943884257,751.1989535497528,436.33832753740955,464.1853697146577,131.95454545454547
2013-05-01,3.091710263472161,750.9335266016592,752.235912724328,436.660644855691,463.9577509804586,134.8181818181818
2013-06-01,3.0868623662466224,753.3693709848633,755.5131837227324,437.04613495288544,463.0964843304878,180
2013-07-01,3.0674684267918977,754.9609165154532,754.8780664147599,437.32224933796414,464.41718968671637,168.9090909090909
2013-08-01,3.0820142339886365,754.9345972627681,755.2325772584768,437.63793196386746,466.430515907675,182.95454545454547
2013-09-01,3.0335199796072887,754.9609165154532,755.8886770395656,438.07935887280405,467.1361203001461,180.55
2013-10-01,3.014115691198681,754.9609165154532,754.2168152227612,438.1051696333195,466.1417349499435,171.54545454545453
2013-11-01,2.9461710149619047,756.3460164066212,756.129491368394,438.0869416759672,465.13597803850695,182.27777777777777
2013-12-01,2.936460862990398,758.0699752224563,756.7442362135263,438.34460738789033,466.70735739337584,177.71428571428572
2014-01-01,2.9170377299779924,757.3818991132341,758.1876288620355,438.41251217959547,465.23484502285635,183.38095238095238
2014-02-01,2.8781801425451947,761.0852790395251,762.1414587405179,438.49270260223614,466.35701527635166,188.52631578947367
2014-03-01,2.926749768056814,761.5791072035834,761.1937845074807,438.68901704635624,465.98340486583663,176.76190476190476
2014-04-01,3.048070725358689,760.489448081162,757.006508777877,439.02136029801716,465.89095867110757,161.71428571428572
2014-05-01,3.1498667059371015,759.2366128519795,755.7589766599767,439.54822735464217,466.07279228282084,153.8095238095238
2014-06-01,3.101405352916954,760.0902459542082,754.2751788872228,439.8098316941348,466.9129444498676,144.23809523809524
2014-07-01,3.1498667059371015,759.0852123688582,752.7129046801733,440.18104582199004,465.7060557796225,145.6818181818182
2014-08-01,3.111099502505273,759.1357046698552,754.9636533201076,440.6150193827816,463.8309792285393,153.57142857142858
2014-09-01,3.101405352916954,760.0902459542082,758.9140052870774,440.90004091016624,461.499073317413,152.1904761904762
2014-10-01,3.1498667059371015,762.2663951323595,762.4145907300807,441.3474967371018,456.6133544027434,174.0909090909091
2014-11-01,3.130484982841253,764.9216319820633,766.4383620400657,441.6771384112768,450.6750738635624,172.7058823529412
2014-12-01,3.1498667059371015,771.8685495198466,776.2651129966488,441.9369386859457,439.8255186948676,200.27272727272728
2015-01-01,3.2273560550295635,777.2752716468742,778.3629197396998,442.15245730339046,429.7574658565768,230.55
2015-02-01,3.111099502505273,776.2170607138205,779.3854591712759,442.75735634458664,436.9744678774153,207.78947368421052
2015-03-01,3.169244673248973,778.3224016336037,785.9821565491033,443.1402375192552,434.6375007091846,221.86363636363637
2015-04-01,3.1498667059371015,781.1973429622022,782.2189889328015,443.5468795921161,437.1868267694479,215.72727272727272
2015-05-01,3.0965579256879963,780.5523523830803,780.010291204712,443.85748055144177,441.4764280921485,209
2015-06-01,3.1789322489407335,782.4046010856292,784.6244458691544,444.1316529166534,440.34443228261966,224.86363636363637
2015-07-01,3.120792712419322,785.3410619486195,791.275378148958,444.5423921079467,435.49523285819214,242.86363636363637
2015-08-01,3.4401426717332315,790.100705199242,801.4100747285419,445.24725883000986,428.8418115963942,275.7142857142857
2015-09-01,3.4594644764498965,793.7374696163295,802.9820387625023,446.105504777057,428.92762898607725,290.7142857142857
2015-10-01,3.8451186374252635,796.3807953231451,798.4813917298511,447.0754324211891,429.1945963148226,283.0952380952381
2015-11-01,4.133386349297721,795.5074273262696,800.6436315287074,447.87856724206296,425.3416714183147,280.4736842105263
2015-12-01,4.401688541677426,800.6367567650246,808.4718148513683,448.4850127372268,418.71668948167707,313.5
2016-01-01,4.31073810339337,802.0927718981577,809.898810667549,449.34153486116986,411.4215951435554,368.4736842105263
2016-02-01,4.26762742804364,805.3839402888381,811.9233113143108,450.065336145283,413.2281172435918,392.3
2016-03-01,3.9749419517283022,804.7189562170502,805.3651041776526,450.80436199119777,421.14443358985073,309.77272727272725
2016-04-01,4.229291219025137,804.9624994097142,800.3699010215965,451.1709305546082,424.23131473167757,286.8095238095238
2016-05-01,4.123790801624477,798.9560449333865,800.490140564052,451.73807700948976,428.61617680545044,291.14285714285717
2016-06-01,4.166963517139275,797.2466015974566,800.359085901762,452.38659783399174,430.8537962878125,280.77272727272725
2016-07-01,4.401688541677426,797.2466015974566,799.6275480083403,453.1255701271132,430.5314296129208,249.5
2016-08-01,4.401688541677426,798.9560449333865,799.2337702993669,453.03849457298134,432.9398208832825,234.1304347826087
2016-09-01,4.210117601863533,797.2466015974566,797.913730938753,453.1338631784574,434.4348348616633,231.42857142857142
2016-10-01,3.998964821615841,797.2466015974566,798.3981669739725,453.36035894403227,440.8601562879781,229.15
2016-11-01,4.027784649857008,800.2436517855244,803.9871293290062,453.67522369677226,438.94866090060464,251.35
2016-12-01,4.104596943600102,802.2896869601457,800.9753163381113,454.07380836598,441.84025110638106,227.95238095238096
2017-01-01,4.166963517139275,800.6367567650246,798.579026259094,454.6659749400856,442.3257542159864,210.95
2017-02-01,3.931686237695041,800.3028666384732,796.5743652926097,455.1139106912814,441.9365243806224,199
2017-03-01,3.691035402009715,800.3697339094367,798.735277538508,455.39066889579703,439.3711280181925,195.08695652173913
2017-04-01,3.522234570976071,799.76631270201,796.4662142084,455.7332198644512,441.05224233743587,196.47368421052633
2017-05-01,3.527061408191933,799.967857949945,798.0298195260888,456.01080261255777,437.25933572440806,194.4090909090909
2017-06-01,3.5029248919394873,799.1253929840199,799.2391522806614,456.30100813117804,435.07245745678347,196.36363636363637
2017-07-01,3.5367143837291346,801.7307507688581,801.8990524807306,456.46982252173353,436.78283375228204,200.25
2017-08-01,3.575316970581784,800.6367567650246,799.7200439537536,456.8374155274207,440.4742864025069,200.69565217391303
2017-09-01,3.5656677208034684,800.40315078527,797.8831917455726,457.02608874272397,442.8335987473723,189.1
2017-10-01,3.5077526612696164,800.6367567650246,799.1829950567943,457.32926750850027,443.7029223822517,185.33333333333334
2017-11-01,3.401487858727762,801.0027528481734,801.128109053649,457.712587095865,446.6965764940419,186.14285714285714
2017-12-01,3.343477608623742,802.2896869601457,800.3502414384299,458.0834523057201,447.3628651010715,173.5
2018-01-01,3.343477608623742,800.6367567650246,795.9339586765539,458.27519888482425,450.8827437440464,159.0952380952381
2018-02-01,3.2999478263107895,799.4126281227893,795.8701297990498,458.43446850345657,449.02592559394634,173.21052631578948
2018-03-01,3.246719013750141,798.9560449333865,795.4675772819309,458.47424760471307,448.4270554862453,178.85714285714286
2018-04-01,3.275756423817229,796.9011781106478,792.4880720486842,458.81070505492954,449.850079682207,173.28571428571428
2018-05-01,3.246719013750141,797.2466015974566,795.9186682895804,459.1254826818419,453.19754108693564,189.8181818181818
2018-06-01,3.2854336870947276,797.2466015974566,797.0775795252516,459.4566367190001,453.9603059845853,199.71428571428572
2018-07-01,3.2999478263107895,797.4188669286011,796.6132977734616,459.54528835144987,454.57754765408714,180.23809523809524
2018-08-01,3.2902719675707792,797.2466015974566,799.2799266495088,459.8850660514752,453.22027679891096,182.3913043478261
2018-09-01,3.3144598592302086,799.2944547318106,801.7556734789164,460.2004344845058,455.08162787976903,176.68421052631578
2018-10-01,3.270917440970469,800.1689978099134,803.539273238699,460.6155030473359,455.40150945552125,179.54545454545453
2018-11-01,3.4401426717332315,802.5516386489007,807.0351823369011,460.9237978187268,446.8408571346261,201.75
2018-12-01,3.4208171329736956,803.689677268507,807.4799593003515,461.21199439497127,440.8608249240256,211.1578947368421
2019-01-01,3.362818097998406,804.4626279767338,805.8157905158064,461.3723538933227,442.5653468806729,200.57142857142858
2019-02-01,3.2854336870947276,804.5588280803529,804.3588982593457,461.4013524979489,444.9336623215285,190.73684210526315
2019-03-01,3.246719013750141,803.9157390473238,804.80502963944,461.64159660865323,446.067806453493,188.14285714285714
2019-04-01,3.21767316952212,803.9157390473238,805.6487173534836,462.00126925132537,447.210935088178,176.95238095238096
2019-05-01,3.212831375152193,804.4786677554191,810.4155483410864,462.38039863601375,445.900579545786,190.3181818181818
2019-06-01,3.2563990873262583,805.2933036797567,808.7446337616125,462.82830961781025,439.90883516197624,189.6
2019-07-01,3.246719013750141,805.5157731819678,807.3493208056883,463.2696593640988,441.6468732239822,172.22727272727272
2019-08-01,3.3047854046200422,807.7136638538453,813.544795813407,463.57309723093215,438.3874291937821,187.36363636363637
2019-09-01,3.3241333779801936,808.7025470667701,813.056244012407,463.93781807517706,439.9199069084514,175.75
2019-10-01,3.343477608623742,811.0577421550677,814.2565326600968,464.3995385321179,438.5633118633167,178.8181818181818
2019-11-01,3.357983326319546,810.6212902619963,813.518671277475,464.70526557864355,441.0530579904097,182.05263157894737
2019-12-01,3.3531483208792343,811.3726085970746,812.4454705211108,464.9433081461872,443.3395113918086,171.38095238095238
2020-01-01,3.3289697864641856,809.8642843759418,810.7511891861648,464.92501750545443,442.47696953620004,170.76190476190476
2020-02-01,3.3724869401620894,810.1677747454571,813.6318934623381,465.0465447279335,437.3132716216906,173.10526315789474
2020-03-01,3.4739533803896716,815.9803706539636,826.5268148176527,465.4134667241027,418.68552319409866,343.7142857142857
2020-04-01,3.343477608623742,818.8689124444201,829.0684233468527,465.4420299801962,406.1069937063256,388.7368421052632
2020-05-01,3.0529205034822793,821.6088098632316,825.7415738265504,465.1899203301709,415.06024116168436,337.2
2020-06-01,2.849027039962743,817.4702882469461,821.3806217842223,465.00891021730854,424.29859487399415,287.3181818181818
2020-07-01,2.7906953253007867,818.8689124444201,820.538209904105,465.22522309936704,426.13636390891327,271.8636363636364
2020-08-01,2.6739297189621514,818.5907481482325,823.9619575234198,465.4292117701652,428.23420386045876,241.04761904761904
2020-09-01,2.6934001240081042,818.8689124444201,823.0072739004172,465.88324054900323,425.25612791676923,254.04761904761904
2020-10-01,2.761516703297339,819.3883941321305,825.1720947635306,466.12757640413935,425.3617229722389,240.71428571428572
2020-11-01,2.7323295648890413,818.8689124444201,820.936487263802,466.18610269990944,428.21360306207595,218.31578947368422
2020-12-01,2.746924198954486,815.0121531294942,815.1478601145009,466.55315225235273,436.10707471086255,210.0909090909091
2021-01-01,2.7420595575992217,813.8272638530186,816.1411182026096,466.51354487232936,440.5452524065269,216.78947368421052
2021-02-01,2.8004196409597344,814.3226750367445,817.6894104894473,466.59366144640745,444.62661640219903,214.1578947368421
2021-03-01,2.8004196409597344,814.757773620177,819.3302671997577,466.9062672294408,446.20222150538007,223.47826086956522
2021-04-01,2.8830381667877014,816.0518247477505,820.2989988987971,467.3679215836861,445.5126876108248,220.57142857142858
2021-05-01,2.8393074501217828,817.8358165605836,822.736548540488,468.4372738972267,447.8395266100138,236.3
2021-06-01,2.941316056834955,818.8272370947859,821.3877121371821,468.57591224162985,453.9227114478166,243.45454545454547
2021-07-01,3.101405352916954,820.2482446576537,825.1648522438728,469.12191090364706,456.4310918001989,267.85714285714283
2021-08-01,3.1789322489407335,821.0668031162976,826.5821961522149,469.77242481613087,455.74679765341745,277.40909090909093
2021-09-01,3.4304803691990235,821.4059014405535,824.8456734250555,470.2950337641926,459.0649064249915,282.3333333333333
2021-10-01,3.58496528936972,821.6088098632316,823.5521553394184,470.6189513164305,466.15261021791434,290.85
2021-11-01,3.599436022337605,821.0290242418489,826.9950546197531,471.31089719114084,460.80834949422024,318.15
2021-12-01,3.7873652428081486,822.2285073872717,828.5959732133952,472.0281977886913,457.2198067599264,346.1818181818182
2022-01-01,3.8739828315930644,824.7351037092787,829.4597961968336,473.2223386629573,464.3104592584745,355.4
2022-02-01,3.979746987406606,824.5384468120747,827.8668400366348,474.2883486629137,468.9752066134668,373
2022-03-01,4.2580447535118475,821.6898580913613,824.4208281575899,475.0906816546507,477.38134660076986,365.19354838709677
2022-04-01,4.325104199431495,822.121009392507,824.4040257988365,476.19512836794166,474.24285458849613,345.3333333333333
2022-05-01,4.955177882924771,824.4596756382498,830.1686653734628,477.1072071984392,478.5786391384614,382.5806451612903
2022-06-01,5.164323315183839,824.2756345714478,827.4483974728154,477.8174335275116,480.5199841566515,386.6
2022-07-01,5.638033343610769,830.6472160100585,838.6930849617745,478.834062591094,476.5537789523448,437.06451612903226
2022-08-01,5.9211859631846036,831.1889558230358,837.2868302234092,480.0620770537212,475.0352327800486,398.83870967741933
2022-09-01,6.803241039182698,832.9416783939319,839.7487737669167,481.127874812581,472.2418817808471,422.4
2022-10-01,7.017883462124649,837.7287238672084,845.971995403075,482.1512824997062,471.12792388658613,470.96774193548384
2022-11-01,7.3900807839534215,843.3811582477186,850.3364232846461,483.1205630994213,467.3663868773487,417.3333333333333
2022-12-01,7.2413680509045255,845.531778769815,847.4293414801015,484.3625393860126,465.7170147436733,381.16129032258067
2023-01-01,7.436508195530673,845.531778769815,845.5808093010768,485.6669979671601,466.41316896063694,370.03225806451616
2023-02-01,7.027205298533169,845.0946545597311,847.5670183699779,486.7568955293423,460.65317921508876,384.5357142857143
2023-03-01,6.961934188005707,844.3977129084977,846.8204893983343,487.6105942366285,456.697616118608,416.76190476190476
